{
    "logistic_regression_summary": "                                   Results: Logit\n====================================================================================\nModel:              Logit                              Method:           MLE        \nDependent Variable: Made_or_received_a_digital_payment Pseudo R-squared: 0.006      \nDate:               2024-06-10 02:35                   AIC:              185333.6397\nNo. Observations:   143887                             BIC:              185353.3933\nDf Model:           1                                  Log-Likelihood:   -92665.    \nDf Residuals:       143885                             LL-Null:          -93261.    \nConverged:          1.0000                             LLR p-value:      4.1469e-261\nNo. Iterations:     5.0000                             Scale:            1.0000     \n------------------------------------------------------------------------------------------\n                Coef.        Std.Err.          z          P>|z|        [0.025       0.975]\n------------------------------------------------------------------------------------------\nconst           0.4399         0.0074       59.4208       0.0000       0.4254       0.4544\nGender          0.3842         0.0112       34.3741       0.0000       0.3623       0.4061\n====================================================================================\n",
    "confusion_matrix": [
        [
            0,
            50525
        ],
        [
            0,
            93362
        ]
    ],
    "roc_auc": 0.5474578654807243,
    "classification_report": {
        "0": {
            "precision": 0.0,
            "recall": 0.0,
            "f1-score": 0.0,
            "support": 50525.0
        },
        "1": {
            "precision": 0.6488563942538241,
            "recall": 1.0,
            "f1-score": 0.7870380907822583,
            "support": 93362.0
        },
        "accuracy": 0.6488563942538241,
        "macro avg": {
            "precision": 0.32442819712691207,
            "recall": 0.5,
            "f1-score": 0.39351904539112914,
            "support": 143887.0
        },
        "weighted avg": {
            "precision": 0.4210146203640741,
            "recall": 0.6488563942538241,
            "f1-score": 0.5106746977253901,
            "support": 143887.0
        }
    },
    "correlation_matrix": {
        "Gender": {
            "Gender": 1.0,
            "Made_or_received_a_digital_payment": 0.09080099082118123
        },
        "Made_or_received_a_digital_payment": {
            "Gender": 0.09080099082118123,
            "Made_or_received_a_digital_payment": 1.0
        }
    }
}